{"cameraMode":{"drawMode":0,"name":"Shaded","section":"Shading Mode"},"sceneLighting":true,"audioPlay":false,"sceneViewState":{"showFog":false,"showMaterialUpdate":true,"showSkybox":true,"showFlares":true,"showImageEffects":true,"showParticleSystems":true},"in2DMode":false,"pivot":{"x":22.453140258789064,"y":6.925929069519043,"z":5.273934841156006},"rotation":{"x":-0.014614174142479897,"y":0.8581304550170898,"z":-0.02446332946419716,"w":-0.512640655040741},"size":10.694310188293457,"orthographic":false}