{"cameraMode":{"drawMode":0,"name":"Shaded","section":"Shading Mode"},"sceneLighting":true,"audioPlay":false,"sceneViewState":{"showFog":false,"showMaterialUpdate":true,"showSkybox":true,"showFlares":true,"showImageEffects":true,"showParticleSystems":true},"in2DMode":false,"pivot":{"x":11.831101417541504,"y":0.2899998128414154,"z":8.707983016967774},"rotation":{"x":-0.03188197687268257,"y":-0.8824239373207092,"z":0.4654708802700043,"w":-0.060443367809057239},"size":6.4685444831848148,"orthographic":true}