{"cameraMode":{"drawMode":0,"name":"Shaded","section":"Shading Mode"},"sceneLighting":false,"audioPlay":false,"sceneViewState":{"showFog":false,"showMaterialUpdate":true,"showSkybox":false,"showFlares":true,"showImageEffects":true,"showParticleSystems":true},"in2DMode":false,"pivot":{"x":25.950000762939454,"y":0.4221147298812866,"z":11.3100004196167},"rotation":{"x":-0.06425461918115616,"y":0.8758026957511902,"z":-0.4626520872116089,"w":-0.12163388729095459},"size":1.0847290754318238,"orthographic":true}