{"cameraMode":{"drawMode":0,"name":"Shaded","section":"Shading Mode"},"sceneLighting":true,"audioPlay":false,"sceneViewState":{"showFog":false,"showMaterialUpdate":true,"showSkybox":true,"showFlares":true,"showImageEffects":true,"showParticleSystems":true},"in2DMode":false,"pivot":{"x":11.831101417541504,"y":0.2899998128414154,"z":8.707983016967774},"rotation":{"x":0.12943993508815766,"y":0.8215426802635193,"z":-0.2062774896621704,"w":0.5155214071273804},"size":6.127036094665527,"orthographic":true}