{"cameraMode":{"drawMode":0,"name":"Shaded","section":"Shading Mode"},"sceneLighting":true,"audioPlay":false,"sceneViewState":{"showFog":false,"showMaterialUpdate":true,"showSkybox":true,"showFlares":true,"showImageEffects":true,"showParticleSystems":true},"in2DMode":false,"pivot":{"x":12.201494216918946,"y":-1.7245550155639649,"z":9.43169116973877},"rotation":{"x":0.6783553957939148,"y":0.30011168122291567,"z":-0.3596513271331787,"w":0.566055178642273},"size":10.608966827392579,"orthographic":true}