{"cameraMode":{"drawMode":0,"name":"Shaded","section":"Shading Mode"},"sceneLighting":false,"audioPlay":false,"sceneViewState":{"showFog":false,"showMaterialUpdate":true,"showSkybox":false,"showFlares":true,"showImageEffects":true,"showParticleSystems":true},"in2DMode":false,"pivot":{"x":19.100000381469728,"y":1.5,"z":7.400000095367432},"rotation":{"x":-0.06425461918115616,"y":0.8758026957511902,"z":-0.4626520872116089,"w":-0.12163388729095459},"size":1.2247449159622193,"orthographic":true}