{"cameraMode":{"drawMode":0,"name":"Shaded","section":"Shading Mode"},"sceneLighting":false,"audioPlay":false,"sceneViewState":{"showFog":false,"showMaterialUpdate":true,"showSkybox":false,"showFlares":true,"showImageEffects":true,"showParticleSystems":true},"in2DMode":false,"pivot":{"x":11.050000190734864,"y":1.0270055532455445,"z":2.6600000858306886},"rotation":{"x":0.14172320067882539,"y":0.6486383080482483,"z":-0.12467729300260544,"w":0.7373191714286804},"size":1.2435905933380128,"orthographic":true}