{"cameraMode":{"drawMode":0,"name":"Shaded","section":"Shading Mode"},"sceneLighting":false,"audioPlay":false,"sceneViewState":{"showFog":false,"showMaterialUpdate":true,"showSkybox":false,"showFlares":true,"showImageEffects":true,"showParticleSystems":true},"in2DMode":false,"pivot":{"x":6.568999767303467,"y":0.4399999976158142,"z":0.0},"rotation":{"x":0.00969008170068264,"y":-0.987786054611206,"z":0.13960164785385133,"w":0.06855910271406174},"size":0.8660253882408142,"orthographic":false}