{"cameraMode":{"drawMode":0,"name":"Shaded","section":"Shading Mode"},"sceneLighting":true,"audioPlay":false,"sceneViewState":{"showFog":false,"showMaterialUpdate":true,"showSkybox":true,"showFlares":true,"showImageEffects":true,"showParticleSystems":true},"in2DMode":false,"pivot":{"x":4.9468889236450199,"y":-2.570713520050049,"z":-14.23598575592041},"rotation":{"x":0.00969008170068264,"y":-0.987786054611206,"z":0.13960164785385133,"w":0.06855910271406174},"size":9.436336517333985,"orthographic":false}